sourceRow,sourceName,district,provinceTerritory,population2023,candidateCityId,category,currentCandidateAction,engineeringProposal,proposedFinalCityId,proposedFinalDisplayName,proposedAction,decisionId,evidence,status,suggestedParentId,legalType,priorDecision
27,WALTON CANTONMENT,LAHORE DISTRICT,Punjab,810739,,CANTONMENT,REVIEW_REQUIRED,See cantonment_resolution.md — MERGE_WITH_PARENT proposed only where parent clear; else unresolved,lahore,Lahore,MERGE_WITH_PARENT,D-CITY-CANTONMENT,Engineering proposal: embedded cantonment with suggested parent `lahore` from district/name evidence — REQUIRES product approval (D-CITY-CANTONMENT),PROPOSED,lahore,CANTONMENT,
30,RAWALPINDI CANTONMENT,RAWALPINDI DISTRICT,Punjab,740483,,CANTONMENT,REVIEW_REQUIRED,See cantonment_resolution.md — MERGE_WITH_PARENT proposed only where parent clear; else unresolved,rawalpindi,Rawalpindi,MERGE_WITH_PARENT,D-CITY-CANTONMENT,Engineering proposal: embedded cantonment with suggested parent `rawalpindi` from district/name evidence — REQUIRES product approval (D-CITY-CANTONMENT),PROPOSED,rawalpindi,CANTONMENT,
46,SAHIWAL METROPOLITAN CORPORATION,SAHIWAL DISTRICT,Punjab,538344,sahiwal,DUPLICATE_ID,REVIEW_REQUIRED,Engineering lean: keep both places with product-defined distinct IDs (no silent suffix),,,REQUIRE_PRODUCT_DECISION,D-CITY-DUPLICATE-ID,Cross-district name collision on canonical id `sahiwal`; entities are distinct — naming/ID policy not product-approved (D-CITY-DUPLICATE-ID),REVIEW_REQUIRED,,METROPOLITAN_CORPORATION,DIRECT
55,LAHORE CANTONMENT,LAHORE DISTRICT,Punjab,443314,,CANTONMENT,REVIEW_REQUIRED,See cantonment_resolution.md — MERGE_WITH_PARENT proposed only where parent clear; else unresolved,lahore,Lahore,MERGE_WITH_PARENT,D-CITY-CANTONMENT,Engineering proposal: embedded cantonment with suggested parent `lahore` from district/name evidence — REQUIRES product approval (D-CITY-CANTONMENT),PROPOSED,lahore,CANTONMENT,
57,WAH CANTONMENT,RAWALPINDI DISTRICT,Punjab,400733,,CANTONMENT,REVIEW_REQUIRED,See cantonment_resolution.md — MERGE_WITH_PARENT proposed only where parent clear; else unresolved,,,REQUIRE_PRODUCT_DECISION,D-CITY-CANTONMENT,Wah often treated as distinct town vs Rawalpindi suburb,REVIEW_REQUIRED,rawalpindi,CANTONMENT,
63,CHAKLALA CANTONMENT,RAWALPINDI DISTRICT,Punjab,333115,,CANTONMENT,REVIEW_REQUIRED,See cantonment_resolution.md — MERGE_WITH_PARENT proposed only where parent clear; else unresolved,rawalpindi,Rawalpindi,MERGE_WITH_PARENT,D-CITY-CANTONMENT,Engineering proposal: embedded cantonment with suggested parent `rawalpindi` from district/name evidence — REQUIRES product approval (D-CITY-CANTONMENT),PROPOSED,rawalpindi,CANTONMENT,
66,SUKKUR MUNICIPAL CORPORATION (Part of New Sukkur Taluka),SUKKUR DISTRICT,Sindh,296743,,METRO_SPLIT,REVIEW_REQUIRED,Engineering lean: COALESCE to sukkur (unapproved),,,REQUIRE_PRODUCT_DECISION,D-CITY-SPLIT-LOCALITY,Sukkur Municipal Corporation Part-of taluka rows — same pattern as Hyderabad but Sukkur coalesce is NOT approved; engineering may propose COALESCE under D-CITY-METRO-COALESCE / D-CITY-SPLIT-LOCALITY,REVIEW_REQUIRED,,MUNICIPAL_CORPORATION,
69,FAISAL CANTONMENT (Part of Gulshan-e-Iqbal Sub-Division),KARACHI EAST DISTRICT,Sindh,289473,,CANTONMENT,REVIEW_REQUIRED,See cantonment_resolution.md — MERGE_WITH_PARENT proposed only where parent clear; else unresolved,karachi,Karachi,MERGE_WITH_PARENT,D-CITY-CANTONMENT,Engineering proposal: embedded cantonment with suggested parent `karachi` from district/name evidence — REQUIRES product approval (D-CITY-CANTONMENT),PROPOSED,karachi,CANTONMENT,
75,SUKKUR MUNICIPAL CORPORATION (Part of Sukkur City Taluka),SUKKUR DISTRICT,Sindh,267108,,METRO_SPLIT,REVIEW_REQUIRED,Engineering lean: COALESCE to sukkur (unapproved),,,REQUIRE_PRODUCT_DECISION,D-CITY-SPLIT-LOCALITY,Sukkur Municipal Corporation Part-of taluka rows — same pattern as Hyderabad but Sukkur coalesce is NOT approved; engineering may propose COALESCE under D-CITY-METRO-COALESCE / D-CITY-SPLIT-LOCALITY,REVIEW_REQUIRED,,MUNICIPAL_CORPORATION,
77,KHANPUR MC,RAHIM YAR KHAN DISTRICT,Punjab,247170,khanpur,DUPLICATE_ID,REVIEW_REQUIRED,Engineering lean: keep both places with product-defined distinct IDs (no silent suffix),,,REQUIRE_PRODUCT_DECISION,D-CITY-DUPLICATE-ID,Cross-district name collision on canonical id `khanpur`; entities are distinct — naming/ID policy not product-approved (D-CITY-DUPLICATE-ID),REVIEW_REQUIRED,,MC,DIRECT
96,CLIFTON CANTONMENT (Part of Civil Lines Sub-Division),KARACHI SOUTH DISTRICT,Sindh,196813,,CANTONMENT,REVIEW_REQUIRED,See cantonment_resolution.md — MERGE_WITH_PARENT proposed only where parent clear; else unresolved,karachi,Karachi,MERGE_WITH_PARENT,D-CITY-CANTONMENT,Engineering proposal: embedded cantonment with suggested parent `karachi` from district/name evidence — REQUIRES product approval (D-CITY-CANTONMENT),PROPOSED,karachi,CANTONMENT,
101,SARGODHA CANTONMENT,SARGODHA DISTRICT,Punjab,190188,,CANTONMENT,REVIEW_REQUIRED,See cantonment_resolution.md — MERGE_WITH_PARENT proposed only where parent clear; else unresolved,sargodha,Sargodha,MERGE_WITH_PARENT,D-CITY-CANTONMENT,Engineering proposal: embedded cantonment with suggested parent `sargodha` from district/name evidence — REQUIRES product approval (D-CITY-CANTONMENT),PROPOSED,sargodha,CANTONMENT,
111,QUETTA CANTONMENT,QUETTA DISTRICT,Balochistan,164184,,CANTONMENT,REVIEW_REQUIRED,See cantonment_resolution.md — MERGE_WITH_PARENT proposed only where parent clear; else unresolved,quetta,Quetta,MERGE_WITH_PARENT,D-CITY-CANTONMENT,Engineering proposal: embedded cantonment with suggested parent `quetta` from district/name evidence — REQUIRES product approval (D-CITY-CANTONMENT),PROPOSED,quetta,CANTONMENT,
113,ABBOTTABAD CANTONMENT,ABBOTTABAD DISTRICT,Khyber Pakhtunkhwa,159683,,CANTONMENT,REVIEW_REQUIRED,See cantonment_resolution.md — MERGE_WITH_PARENT proposed only where parent clear; else unresolved,abbottabad,Abbottabad,MERGE_WITH_PARENT,D-CITY-CANTONMENT,Engineering proposal: embedded cantonment with suggested parent `abbottabad` from district/name evidence — REQUIRES product approval (D-CITY-CANTONMENT),PROPOSED,abbottabad,CANTONMENT,
115,GUJRANWALA CANTONMENT,GUJRANWALA DISTRICT,Punjab,156929,,CANTONMENT,REVIEW_REQUIRED,See cantonment_resolution.md — MERGE_WITH_PARENT proposed only where parent clear; else unresolved,gujranwala,Gujranwala,MERGE_WITH_PARENT,D-CITY-CANTONMENT,Engineering proposal: embedded cantonment with suggested parent `gujranwala` from district/name evidence — REQUIRES product approval (D-CITY-CANTONMENT),PROPOSED,gujranwala,CANTONMENT,
164,MALIR CANTONMENT (Part of Airport Sub-Division),MALIR DISTRICT,Sindh,106089,,CANTONMENT,REVIEW_REQUIRED,See cantonment_resolution.md — MERGE_WITH_PARENT proposed only where parent clear; else unresolved,,,REQUIRE_PRODUCT_DECISION,D-CITY-CANTONMENT,Suggested parent `malir` is admin/district-shaped; passenger parent may be `karachi` but not product-approved,REVIEW_REQUIRED,malir,CANTONMENT,
190,BAHAWALPUR CANTONMENT,BAHAWALPUR DISTRICT,Punjab,88593,,CANTONMENT,REVIEW_REQUIRED,See cantonment_resolution.md — MERGE_WITH_PARENT proposed only where parent clear; else unresolved,bahawalpur,Bahawalpur,MERGE_WITH_PARENT,D-CITY-CANTONMENT,Engineering proposal: embedded cantonment with suggested parent `bahawalpur` from district/name evidence — REQUIRES product approval (D-CITY-CANTONMENT),PROPOSED,bahawalpur,CANTONMENT,
193,MALIR CANTONMENT (Part of Gulzar-e-Hijri Sub-Division),KARACHI EAST DISTRICT,Sindh,88335,,CANTONMENT,REVIEW_REQUIRED,See cantonment_resolution.md — MERGE_WITH_PARENT proposed only where parent clear; else unresolved,,,REQUIRE_PRODUCT_DECISION,D-CITY-CANTONMENT,Suggested parent `karachi-east` is admin/district-shaped; passenger parent may be `karachi` but not product-approved,REVIEW_REQUIRED,karachi-east,CANTONMENT,
215,SIALKOT CANTONMENT,SIALKOT DISTRICT,Punjab,76480,,CANTONMENT,REVIEW_REQUIRED,See cantonment_resolution.md — MERGE_WITH_PARENT proposed only where parent clear; else unresolved,sialkot,Sialkot,MERGE_WITH_PARENT,D-CITY-CANTONMENT,Engineering proposal: embedded cantonment with suggested parent `sialkot` from district/name evidence — REQUIRES product approval (D-CITY-CANTONMENT),PROPOSED,sialkot,CANTONMENT,
242,KARACHI CANTONMENT (Part of Sadar Sub-Division),KARACHI SOUTH DISTRICT,Sindh,68097,,CANTONMENT,REVIEW_REQUIRED,See cantonment_resolution.md — MERGE_WITH_PARENT proposed only where parent clear; else unresolved,karachi,Karachi,MERGE_WITH_PARENT,D-CITY-CANTONMENT,Engineering proposal: embedded cantonment with suggested parent `karachi` from district/name evidence — REQUIRES product approval (D-CITY-CANTONMENT),PROPOSED,karachi,CANTONMENT,
244,KAMRA CANTONMENT,ATTOCK DISTRICT,Punjab,67425,,CANTONMENT,REVIEW_REQUIRED,See cantonment_resolution.md — MERGE_WITH_PARENT proposed only where parent clear; else unresolved,attock,Attock,MERGE_WITH_PARENT,D-CITY-CANTONMENT,Engineering proposal: embedded cantonment with suggested parent `attock` from district/name evidence — REQUIRES product approval (D-CITY-CANTONMENT),PROPOSED,attock,CANTONMENT,
253,OKARA CANTONMENT,OKARA DISTRICT,Punjab,65590,,CANTONMENT,REVIEW_REQUIRED,See cantonment_resolution.md — MERGE_WITH_PARENT proposed only where parent clear; else unresolved,okara,Okara,MERGE_WITH_PARENT,D-CITY-CANTONMENT,Engineering proposal: embedded cantonment with suggested parent `okara` from district/name evidence — REQUIRES product approval (D-CITY-CANTONMENT),PROPOSED,okara,CANTONMENT,
257,PESHAWAR CANTONMENT,PESHAWAR DISTRICT,Khyber Pakhtunkhwa,63978,,CANTONMENT,REVIEW_REQUIRED,See cantonment_resolution.md — MERGE_WITH_PARENT proposed only where parent clear; else unresolved,peshawar,Peshawar,MERGE_WITH_PARENT,D-CITY-CANTONMENT,Engineering proposal: embedded cantonment with suggested parent `peshawar` from district/name evidence — REQUIRES product approval (D-CITY-CANTONMENT),PROPOSED,peshawar,CANTONMENT,
264,TAXILA CANTONMENT,RAWALPINDI DISTRICT,Punjab,61456,,CANTONMENT,REVIEW_REQUIRED,See cantonment_resolution.md — MERGE_WITH_PARENT proposed only where parent clear; else unresolved,rawalpindi,Rawalpindi,MERGE_WITH_PARENT,D-CITY-CANTONMENT,Engineering proposal: embedded cantonment with suggested parent `rawalpindi` from district/name evidence — REQUIRES product approval (D-CITY-CANTONMENT),PROPOSED,rawalpindi,CANTONMENT,
271,KHARIAN CANTONMENT,GUJRAT DISTRICT,Punjab,58523,,CANTONMENT,REVIEW_REQUIRED,See cantonment_resolution.md — MERGE_WITH_PARENT proposed only where parent clear; else unresolved,gujrat,Gujrat,MERGE_WITH_PARENT,D-CITY-CANTONMENT,Engineering proposal: embedded cantonment with suggested parent `gujrat` from district/name evidence — REQUIRES product approval (D-CITY-CANTONMENT),PROPOSED,gujrat,CANTONMENT,
275,SAHIWAL MC,SARGODHA DISTRICT,Punjab,57374,sahiwal,DUPLICATE_ID,REVIEW_REQUIRED,Engineering lean: keep both places with product-defined distinct IDs (no silent suffix),,,REQUIRE_PRODUCT_DECISION,D-CITY-DUPLICATE-ID,Cross-district name collision on canonical id `sahiwal`; entities are distinct — naming/ID policy not product-approved (D-CITY-DUPLICATE-ID),REVIEW_REQUIRED,,MC,DIRECT
289,HYDERABAD CANTONMENT (Part of Hyderabad City Taluka),HYDERABAD DISTRICT,Sindh,52827,,CANTONMENT,REVIEW_REQUIRED,See cantonment_resolution.md — MERGE_WITH_PARENT proposed only where parent clear; else unresolved,hyderabad,Hyderabad,MERGE_WITH_PARENT,D-CITY-CANTONMENT,Engineering proposal: embedded cantonment with suggested parent `hyderabad` from district/name evidence — REQUIRES product approval (D-CITY-CANTONMENT),PROPOSED,hyderabad,CANTONMENT,
296,KORANGI CREEK CANTONMENT (Part of Korangi Sub-Division),KORANGI DISTRICT,Sindh,52186,,CANTONMENT,REVIEW_REQUIRED,See cantonment_resolution.md — MERGE_WITH_PARENT proposed only where parent clear; else unresolved,,,REQUIRE_PRODUCT_DECISION,D-CITY-CANTONMENT,Suggested parent `korangi` is admin/district-shaped; passenger parent may be `karachi` but not product-approved,REVIEW_REQUIRED,korangi,CANTONMENT,
330,MULTAN CANTONMENT,MULTAN DISTRICT,Punjab,45466,,CANTONMENT,REVIEW_REQUIRED,See cantonment_resolution.md — MERGE_WITH_PARENT proposed only where parent clear; else unresolved,multan,Multan,MERGE_WITH_PARENT,D-CITY-CANTONMENT,Engineering proposal: embedded cantonment with suggested parent `multan` from district/name evidence — REQUIRES product approval (D-CITY-CANTONMENT),PROPOSED,multan,CANTONMENT,
343,CLIFTON CANTONMENT (Part of Saddar Sub-Division),KARACHI SOUTH DISTRICT,Sindh,43507,,CANTONMENT,REVIEW_REQUIRED,See cantonment_resolution.md — MERGE_WITH_PARENT proposed only where parent clear; else unresolved,karachi,Karachi,MERGE_WITH_PARENT,D-CITY-CANTONMENT,Engineering proposal: embedded cantonment with suggested parent `karachi` from district/name evidence — REQUIRES product approval (D-CITY-CANTONMENT),PROPOSED,karachi,CANTONMENT,
373,HYDERABAD CANTONMENT (Part of Latifabad Taluka),HYDERABAD DISTRICT,Sindh,39190,,CANTONMENT,REVIEW_REQUIRED,See cantonment_resolution.md — MERGE_WITH_PARENT proposed only where parent clear; else unresolved,hyderabad,Hyderabad,MERGE_WITH_PARENT,D-CITY-CANTONMENT,Engineering proposal: embedded cantonment with suggested parent `hyderabad` from district/name evidence — REQUIRES product approval (D-CITY-CANTONMENT),PROPOSED,hyderabad,CANTONMENT,
387,HAVELIAN CANTONMENT,ABBOTTABAD DISTRICT,Khyber Pakhtunkhwa,37509,,CANTONMENT,REVIEW_REQUIRED,See cantonment_resolution.md — MERGE_WITH_PARENT proposed only where parent clear; else unresolved,abbottabad,Abbottabad,MERGE_WITH_PARENT,D-CITY-CANTONMENT,Engineering proposal: embedded cantonment with suggested parent `abbottabad` from district/name evidence — REQUIRES product approval (D-CITY-CANTONMENT),PROPOSED,abbottabad,CANTONMENT,
401,RISALPUR CANTONMENT,NOWSHERA DISTRICT,Khyber Pakhtunkhwa,36074,,CANTONMENT,REVIEW_REQUIRED,See cantonment_resolution.md — MERGE_WITH_PARENT proposed only where parent clear; else unresolved,nowshera,Nowshera,MERGE_WITH_PARENT,D-CITY-CANTONMENT,Engineering proposal: embedded cantonment with suggested parent `nowshera` from district/name evidence — REQUIRES product approval (D-CITY-CANTONMENT),PROPOSED,nowshera,CANTONMENT,
417,NOWSHERA CANTONMENT,NOWSHERA DISTRICT,Khyber Pakhtunkhwa,34481,,CANTONMENT,REVIEW_REQUIRED,See cantonment_resolution.md — MERGE_WITH_PARENT proposed only where parent clear; else unresolved,nowshera,Nowshera,MERGE_WITH_PARENT,D-CITY-CANTONMENT,Engineering proposal: embedded cantonment with suggested parent `nowshera` from district/name evidence — REQUIRES product approval (D-CITY-CANTONMENT),PROPOSED,nowshera,CANTONMENT,
423,ATTOCK CANTONMENT,ATTOCK DISTRICT,Punjab,33718,,CANTONMENT,REVIEW_REQUIRED,See cantonment_resolution.md — MERGE_WITH_PARENT proposed only where parent clear; else unresolved,attock,Attock,MERGE_WITH_PARENT,D-CITY-CANTONMENT,Engineering proposal: embedded cantonment with suggested parent `attock` from district/name evidence — REQUIRES product approval (D-CITY-CANTONMENT),PROPOSED,attock,CANTONMENT,
432,KHANGARH TC,GHOTKI DISTRICT,Sindh,32648,khangarh,DUPLICATE_ID,REVIEW_REQUIRED,Engineering lean: keep both places with product-defined distinct IDs (no silent suffix),,,REQUIRE_PRODUCT_DECISION,D-CITY-DUPLICATE-ID,Cross-district name collision on canonical id `khangarh`; entities are distinct — naming/ID policy not product-approved (D-CITY-DUPLICATE-ID),REVIEW_REQUIRED,,TC,DIRECT
434,KHANGARH MC,MUZAFFARGARH DISTRICT,Punjab,32161,khangarh,DUPLICATE_ID,REVIEW_REQUIRED,Engineering lean: keep both places with product-defined distinct IDs (no silent suffix),,,REQUIRE_PRODUCT_DECISION,D-CITY-DUPLICATE-ID,Cross-district name collision on canonical id `khangarh`; entities are distinct — naming/ID policy not product-approved (D-CITY-DUPLICATE-ID),REVIEW_REQUIRED,,MC,DIRECT
438,KOHAT CANTONMENT,KOHAT DISTRICT,Khyber Pakhtunkhwa,31051,,CANTONMENT,REVIEW_REQUIRED,See cantonment_resolution.md — MERGE_WITH_PARENT proposed only where parent clear; else unresolved,kohat,Kohat,MERGE_WITH_PARENT,D-CITY-CANTONMENT,Engineering proposal: embedded cantonment with suggested parent `kohat` from district/name evidence — REQUIRES product approval (D-CITY-CANTONMENT),PROPOSED,kohat,CANTONMENT,
439,FAISAL CANTONMENT (Part of Airport Sub-Division),MALIR DISTRICT,Sindh,30981,,CANTONMENT,REVIEW_REQUIRED,See cantonment_resolution.md — MERGE_WITH_PARENT proposed only where parent clear; else unresolved,karachi,Karachi,MERGE_WITH_PARENT,D-CITY-CANTONMENT,Engineering proposal: embedded cantonment with suggested parent `karachi` from district/name evidence — REQUIRES product approval (D-CITY-CANTONMENT),PROPOSED,karachi,CANTONMENT,
449,FAISAL CANTONMENT (Part of Shah Faisal Sub-Division),KORANGI DISTRICT,Sindh,30064,,CANTONMENT,REVIEW_REQUIRED,See cantonment_resolution.md — MERGE_WITH_PARENT proposed only where parent clear; else unresolved,karachi,Karachi,MERGE_WITH_PARENT,D-CITY-CANTONMENT,Engineering proposal: embedded cantonment with suggested parent `karachi` from district/name evidence — REQUIRES product approval (D-CITY-CANTONMENT),PROPOSED,karachi,CANTONMENT,
470,KARAMPUR TC,VEHARI DISTRICT,Punjab,27840,karampur,DUPLICATE_ID,REVIEW_REQUIRED,Engineering lean: keep both places with product-defined distinct IDs (no silent suffix),,,REQUIRE_PRODUCT_DECISION,D-CITY-DUPLICATE-ID,Cross-district name collision on canonical id `karampur`; entities are distinct — naming/ID policy not product-approved (D-CITY-DUPLICATE-ID),REVIEW_REQUIRED,,TC,DIRECT
497,PANO AQIL CANTONMENT,SUKKUR DISTRICT,Sindh,25759,,CANTONMENT,REVIEW_REQUIRED,See cantonment_resolution.md — MERGE_WITH_PARENT proposed only where parent clear; else unresolved,sukkur,Sukkur,MERGE_WITH_PARENT,D-CITY-CANTONMENT,Engineering proposal: embedded cantonment with suggested parent `sukkur` from district/name evidence — REQUIRES product approval (D-CITY-CANTONMENT),PROPOSED,sukkur,CANTONMENT,
502,HYDERABAD TC,BHAKKAR DISTRICT,Punjab,25319,hyderabad,DUPLICATE_ID,REVIEW_REQUIRED,Engineering lean: keep both places with product-defined distinct IDs (no silent suffix),,,REQUIRE_PRODUCT_DECISION,D-CITY-DUPLICATE-ID,Cross-district name collision on canonical id `hyderabad`; entities are distinct — naming/ID policy not product-approved (D-CITY-DUPLICATE-ID),REVIEW_REQUIRED,,TC,DIRECT
523,MALIR CANTONMENT (Part of Murad Memon Sub-Division),MALIR DISTRICT,Sindh,23065,,CANTONMENT,REVIEW_REQUIRED,See cantonment_resolution.md — MERGE_WITH_PARENT proposed only where parent clear; else unresolved,,,REQUIRE_PRODUCT_DECISION,D-CITY-CANTONMENT,Suggested parent `malir` is admin/district-shaped; passenger parent may be `karachi` but not product-approved,REVIEW_REQUIRED,malir,CANTONMENT,
539,JHELUM CANTONMENT,JHELUM DISTRICT,Punjab,21404,,CANTONMENT,REVIEW_REQUIRED,See cantonment_resolution.md — MERGE_WITH_PARENT proposed only where parent clear; else unresolved,jhelum,Jhelum,MERGE_WITH_PARENT,D-CITY-CANTONMENT,Engineering proposal: embedded cantonment with suggested parent `jhelum` from district/name evidence — REQUIRES product approval (D-CITY-CANTONMENT),PROPOSED,jhelum,CANTONMENT,
548,SHORKOT CANTONMENT (Part of Shorkot Tehsil),JHANG DISTRICT,Punjab,20246,,CANTONMENT,REVIEW_REQUIRED,See cantonment_resolution.md — MERGE_WITH_PARENT proposed only where parent clear; else unresolved,jhang,Jhang,MERGE_WITH_PARENT,D-CITY-CANTONMENT,Engineering proposal: embedded cantonment with suggested parent `jhang` from district/name evidence — REQUIRES product approval (D-CITY-CANTONMENT),PROPOSED,jhang,CANTONMENT,
552,KARAMPUR TC,KASHMORE DISTRICT,Sindh,20050,karampur,DUPLICATE_ID,REVIEW_REQUIRED,Engineering lean: keep both places with product-defined distinct IDs (no silent suffix),,,REQUIRE_PRODUCT_DECISION,D-CITY-DUPLICATE-ID,Cross-district name collision on canonical id `karampur`; entities are distinct — naming/ID policy not product-approved (D-CITY-DUPLICATE-ID),REVIEW_REQUIRED,,TC,DIRECT
564,MANGLA CANTONMENT,JHELUM DISTRICT,Punjab,19129,,CANTONMENT,REVIEW_REQUIRED,See cantonment_resolution.md — MERGE_WITH_PARENT proposed only where parent clear; else unresolved,jhelum,Jhelum,MERGE_WITH_PARENT,D-CITY-CANTONMENT,Engineering proposal: embedded cantonment with suggested parent `jhelum` from district/name evidence — REQUIRES product approval (D-CITY-CANTONMENT),PROPOSED,jhelum,CANTONMENT,
579,KHANPUR TC,SHIKARPUR DISTRICT,Sindh,18052,khanpur,DUPLICATE_ID,REVIEW_REQUIRED,Engineering lean: keep both places with product-defined distinct IDs (no silent suffix),,,REQUIRE_PRODUCT_DECISION,D-CITY-DUPLICATE-ID,Cross-district name collision on canonical id `khanpur`; entities are distinct — naming/ID policy not product-approved (D-CITY-DUPLICATE-ID),REVIEW_REQUIRED,,TC,DIRECT
589,KORANGI CREEK CANTONMENT (Part of Ibrahim Hydri Sub-Division),MALIR DISTRICT,Sindh,17398,,CANTONMENT,REVIEW_REQUIRED,See cantonment_resolution.md — MERGE_WITH_PARENT proposed only where parent clear; else unresolved,,,REQUIRE_PRODUCT_DECISION,D-CITY-CANTONMENT,Suggested parent `malir` is admin/district-shaped; passenger parent may be `karachi` but not product-approved,REVIEW_REQUIRED,malir,CANTONMENT,
602,KARACHI CANTONMENT (Part of Jamshed Quarters Sub-Division),KARACHI EAST DISTRICT,Sindh,15577,,CANTONMENT,REVIEW_REQUIRED,See cantonment_resolution.md — MERGE_WITH_PARENT proposed only where parent clear; else unresolved,karachi,Karachi,MERGE_WITH_PARENT,D-CITY-CANTONMENT,Engineering proposal: embedded cantonment with suggested parent `karachi` from district/name evidence — REQUIRES product approval (D-CITY-CANTONMENT),PROPOSED,karachi,CANTONMENT,
624,SHORKOT CANTONMENT (Part of Pirmahal Tehsil),TOBA TEK SINGH DISTRICT,Punjab,12081,,CANTONMENT,REVIEW_REQUIRED,See cantonment_resolution.md — MERGE_WITH_PARENT proposed only where parent clear; else unresolved,toba-tek-singh,Toba Tek Singh,MERGE_WITH_PARENT,D-CITY-CANTONMENT,Engineering proposal: embedded cantonment with suggested parent `toba-tek-singh` from district/name evidence — REQUIRES product approval (D-CITY-CANTONMENT),PROPOSED,toba-tek-singh,CANTONMENT,
626,SANJWAL CANTONMENT,ATTOCK DISTRICT,Punjab,11751,,CANTONMENT,REVIEW_REQUIRED,See cantonment_resolution.md — MERGE_WITH_PARENT proposed only where parent clear; else unresolved,attock,Attock,MERGE_WITH_PARENT,D-CITY-CANTONMENT,Engineering proposal: embedded cantonment with suggested parent `attock` from district/name evidence — REQUIRES product approval (D-CITY-CANTONMENT),PROPOSED,attock,CANTONMENT,
643,MURREE HILLS CANTONMENT,RAWALPINDI DISTRICT,Punjab,8869,,CANTONMENT,REVIEW_REQUIRED,See cantonment_resolution.md — MERGE_WITH_PARENT proposed only where parent clear; else unresolved,rawalpindi,Rawalpindi,MERGE_WITH_PARENT,D-CITY-CANTONMENT,Engineering proposal: embedded cantonment with suggested parent `rawalpindi` from district/name evidence — REQUIRES product approval (D-CITY-CANTONMENT),PROPOSED,rawalpindi,CANTONMENT,
646,BANNU CANTONMENT,BANNU DISTRICT,Khyber Pakhtunkhwa,7383,,CANTONMENT,REVIEW_REQUIRED,See cantonment_resolution.md — MERGE_WITH_PARENT proposed only where parent clear; else unresolved,bannu,Bannu,MERGE_WITH_PARENT,D-CITY-CANTONMENT,Engineering proposal: embedded cantonment with suggested parent `bannu` from district/name evidence — REQUIRES product approval (D-CITY-CANTONMENT),PROPOSED,bannu,CANTONMENT,
647,DERA ISMAIL KHAN CANTONMENT,DERA ISMAIL KHAN DISTRICT,Khyber Pakhtunkhwa,6819,,CANTONMENT,REVIEW_REQUIRED,See cantonment_resolution.md — MERGE_WITH_PARENT proposed only where parent clear; else unresolved,dera-ismail-khan,Dera Ismail Khan,MERGE_WITH_PARENT,D-CITY-CANTONMENT,Engineering proposal: embedded cantonment with suggested parent `dera-ismail-khan` from district/name evidence — REQUIRES product approval (D-CITY-CANTONMENT),PROPOSED,dera-ismail-khan,CANTONMENT,
649,HYDERABAD CANTONMENT (Part of Qasimabad Taluka),HYDERABAD DISTRICT,Sindh,6402,,CANTONMENT,REVIEW_REQUIRED,See cantonment_resolution.md — MERGE_WITH_PARENT proposed only where parent clear; else unresolved,hyderabad,Hyderabad,MERGE_WITH_PARENT,D-CITY-CANTONMENT,Engineering proposal: embedded cantonment with suggested parent `hyderabad` from district/name evidence — REQUIRES product approval (D-CITY-CANTONMENT),PROPOSED,hyderabad,CANTONMENT,
653,CLIFTON CANTONMENT (Part of Korangi Sub-Division),KORANGI DISTRICT,Sindh,5623,,CANTONMENT,REVIEW_REQUIRED,See cantonment_resolution.md — MERGE_WITH_PARENT proposed only where parent clear; else unresolved,karachi,Karachi,MERGE_WITH_PARENT,D-CITY-CANTONMENT,Engineering proposal: embedded cantonment with suggested parent `karachi` from district/name evidence — REQUIRES product approval (D-CITY-CANTONMENT),PROPOSED,karachi,CANTONMENT,
657,MARDAN CANTONMENT,MARDAN DISTRICT,Khyber Pakhtunkhwa,4514,,CANTONMENT,REVIEW_REQUIRED,See cantonment_resolution.md — MERGE_WITH_PARENT proposed only where parent clear; else unresolved,mardan,Mardan,MERGE_WITH_PARENT,D-CITY-CANTONMENT,Engineering proposal: embedded cantonment with suggested parent `mardan` from district/name evidence — REQUIRES product approval (D-CITY-CANTONMENT),PROPOSED,mardan,CANTONMENT,
658,PESHAWAR UNIVERSITY TC,PESHAWAR DISTRICT,Khyber Pakhtunkhwa,4256,,UNIVERSITY_TC,REVIEW_REQUIRED,Engineering lean: EXCLUDE_FROM_CITY_CATALOG,,,REQUIRE_PRODUCT_DECISION,D-CITY-GEOGRAPHIC-UNIT,Peshawar University TC — institutional township; exclude vs absorb into peshawar is product policy (engineering lean: EXCLUDE) — not approved,REVIEW_REQUIRED,,TC,
662,LORALAI CANTONMENT,LORALAI DISTRICT,Balochistan,2988,,CANTONMENT,REVIEW_REQUIRED,See cantonment_resolution.md — MERGE_WITH_PARENT proposed only where parent clear; else unresolved,loralai,Loralai,MERGE_WITH_PARENT,D-CITY-CANTONMENT,Engineering proposal: embedded cantonment with suggested parent `loralai` from district/name evidence — REQUIRES product approval (D-CITY-CANTONMENT),PROPOSED,loralai,CANTONMENT,
663,MANORA CANTONMENT (Part of Keamari Sub-Division),KEAMARI DISTRICT,Sindh,2956,,CANTONMENT,REVIEW_REQUIRED,See cantonment_resolution.md — MERGE_WITH_PARENT proposed only where parent clear; else unresolved,karachi,Karachi,MERGE_WITH_PARENT,D-CITY-CANTONMENT,Engineering proposal: embedded cantonment with suggested parent `karachi` from district/name evidence — REQUIRES product approval (D-CITY-CANTONMENT),PROPOSED,karachi,CANTONMENT,
664,ORMARA CANTONMENT,GWADAR DISTRICT,Balochistan,2784,,CANTONMENT,REVIEW_REQUIRED,See cantonment_resolution.md — MERGE_WITH_PARENT proposed only where parent clear; else unresolved,,,REQUIRE_PRODUCT_DECISION,D-CITY-CANTONMENT,Ormara Cantonment vs Ormara town / Gwadar relationship unresolved,REVIEW_REQUIRED,ormara,CANTONMENT,
665,ZHOB CANTONMENT,ZHOB DISTRICT,Balochistan,2725,,CANTONMENT,REVIEW_REQUIRED,See cantonment_resolution.md — MERGE_WITH_PARENT proposed only where parent clear; else unresolved,zhob,Zhob,MERGE_WITH_PARENT,D-CITY-CANTONMENT,Engineering proposal: embedded cantonment with suggested parent `zhob` from district/name evidence — REQUIRES product approval (D-CITY-CANTONMENT),PROPOSED,zhob,CANTONMENT,
666,KARACHI CANTONMENT (Part of Civil Lines Sub-Division),KARACHI SOUTH DISTRICT,Sindh,2664,,CANTONMENT,REVIEW_REQUIRED,See cantonment_resolution.md — MERGE_WITH_PARENT proposed only where parent clear; else unresolved,karachi,Karachi,MERGE_WITH_PARENT,D-CITY-CANTONMENT,Engineering proposal: embedded cantonment with suggested parent `karachi` from district/name evidence — REQUIRES product approval (D-CITY-CANTONMENT),PROPOSED,karachi,CANTONMENT,
667,CHERAT CANTONMENT,NOWSHERA DISTRICT,Khyber Pakhtunkhwa,1311,,CANTONMENT,REVIEW_REQUIRED,See cantonment_resolution.md — MERGE_WITH_PARENT proposed only where parent clear; else unresolved,,,REQUIRE_PRODUCT_DECISION,D-CITY-CANTONMENT,No clear passenger-facing parent / specialty military site (Cherat or unset),REVIEW_REQUIRED,,CANTONMENT,
668,MURREE GALLIES CANTONMENT,ABBOTTABAD DISTRICT,Khyber Pakhtunkhwa,784,,CANTONMENT,REVIEW_REQUIRED,See cantonment_resolution.md — MERGE_WITH_PARENT proposed only where parent clear; else unresolved,,,REQUIRE_PRODUCT_DECISION,D-CITY-CANTONMENT,Murree vs Abbottabad parent ambiguity in source context,REVIEW_REQUIRED,murree,CANTONMENT,
